id,first_name,last_name,email,gender,ip_address
1,Arman,Smaile,asmaile0@nydailynews.com,Male,251.7.174.204
2,Sula,Revel,srevel1@umich.edu,Female,43.84.236.218
3,Tabbie,Harmar,tharmar2@va.gov,Female,22.84.96.71
4,Harman,Polle,hpolle3@domainmarket.com,Male,30.182.178.16
5,Robert,Balassa,rbalassa4@harvard.edu,Bigender,203.61.89.187
6,Doralynn,Scroxton,dscroxton5@java.com,Female,165.69.170.144
7,Richie,Giacovazzo,rgiacovazzo6@disqus.com,Male,96.165.67.61
8,Jeddy,Bedborough,jbedborough7@opensource.org,Male,250.98.13.105
9,Hurlee,Ciobotaro,hciobotaro8@wunderground.com,Male,75.226.203.223
10,Nikolos,Graveston,ngraveston9@independent.co.uk,Male,222.63.168.14
11,Everard,Blewis,eblewisa@techcrunch.com,Male,9.88.153.223
12,Bradney,Ranshaw,branshawb@drupal.org,Male,164.80.59.166
13,Mahmud,Tonkinson,mtonkinsonc@oracle.com,Male,82.52.25.100
14,Camille,Finnick,cfinnickd@bluehost.com,Female,224.103.222.193
15,Sibilla,Greader,sgreadere@cnet.com,Female,233.80.92.27
16,Linette,Pecey,lpeceyf@eepurl.com,Bigender,93.119.210.212
17,Rosella,Page,rpageg@deviantart.com,Female,228.95.106.74
18,Simone,Spleving,ssplevingh@indiegogo.com,Female,35.68.210.179
19,Avery,Abramcik,aabramciki@yellowbook.com,Male,110.104.196.235
20,Livy,Somerfield,lsomerfieldj@list-manage.com,Female,233.14.13.143
21,Winifield,McGlaughn,wmcglaughnk@gnu.org,Male,180.126.113.159
22,Collin,Thursby,cthursbyl@usgs.gov,Male,140.100.187.118
23,Rolfe,Ovid,rovidm@twitter.com,Male,23.30.114.132
24,Cortie,Piell,cpielln@bizjournals.com,Male,66.196.244.209
25,Lea,Hubane,lhubaneo@boston.com,Genderqueer,144.21.194.42
26,David,Noar,dnoarp@hhs.gov,Male,75.196.156.9
27,Patin,Dowyer,pdowyerq@google.cn,Male,65.148.115.66
28,Heinrik,Andrejs,handrejsr@slashdot.org,Male,132.178.145.141
29,Lynda,Broadbere,lbroadberes@bloglovin.com,Female,234.121.216.207
30,Jakie,Darley,jdarleyt@netscape.com,Male,165.45.182.120
31,D'arcy,Benedtti,dbenedttiu@dailymotion.com,Male,246.190.246.63
32,Ameline,Revans,arevansv@wix.com,Female,208.84.82.57
33,Claresta,Romaint,cromaintw@a8.net,Genderqueer,192.83.226.177
34,Antony,Orritt,aorrittx@opensource.org,Male,38.197.26.174
35,Melodee,Stopford,mstopfordy@howstuffworks.com,Female,74.106.240.166
36,Aldous,Rye,aryez@google.nl,Male,230.117.4.192
37,Kimbra,Clapston,kclapston10@springer.com,Female,50.95.83.202
38,Ettore,Calway,ecalway11@sbwire.com,Male,81.216.211.100
39,Teresina,Bygrove,tbygrove12@woothemes.com,Agender,140.207.117.102
40,Gilly,Sarl,gsarl13@slate.com,Female,113.66.162.194
41,Lorry,McKeggie,lmckeggie14@netscape.com,Genderqueer,153.205.103.30
42,Margalit,Kingsford,mkingsford15@gmpg.org,Female,25.170.25.10
43,Gaspard,Clynman,gclynman16@alexa.com,Male,111.1.4.44
44,Idelle,Ofener,iofener17@ft.com,Female,100.78.108.152
45,Nikolaus,Magill,nmagill18@whitehouse.gov,Agender,92.100.25.219
46,Monte,felip,mfelip19@comcast.net,Male,58.224.174.173
47,Rebeka,Rockhall,rrockhall1a@nhs.uk,Female,81.207.127.181
48,Delmor,Thirwell,dthirwell1b@ftc.gov,Male,231.243.89.172
49,Joelly,Mc Caughan,jmccaughan1c@guardian.co.uk,Female,247.58.144.21
50,Robby,Short,rshort1d@wix.com,Male,255.17.17.37
51,Mariana,Ville,mville1e@wp.com,Female,82.7.193.187
52,Rozella,Lorain,rlorain1f@bigcartel.com,Female,232.98.198.159
53,Courtnay,Linnock,clinnock1g@nasa.gov,Male,119.100.217.150
54,Hedda,McOrkil,hmcorkil1h@utexas.edu,Female,142.62.93.190
55,Shelby,Binfield,sbinfield1i@prlog.org,Female,252.20.16.74
56,Gwenore,Ekkel,gekkel1j@xinhuanet.com,Female,210.150.216.222
57,Cesaro,Pover,cpover1k@hhs.gov,Male,58.230.232.5
58,Wally,Breckin,wbreckin1l@cocolog-nifty.com,Female,41.151.85.48
59,Cybil,Ferrige,cferrige1m@ifeng.com,Female,176.212.188.49
60,Dolorita,Crannage,dcrannage1n@nyu.edu,Female,51.10.176.53
61,Milena,Cheeld,mcheeld1o@cmu.edu,Bigender,31.80.50.108
62,Viole,Schelle,vschelle1p@bloomberg.com,Female,50.145.226.89
63,Virgil,Benne,vbenne1q@com.com,Male,13.77.82.194
64,Verge,Tummasutti,vtummasutti1r@wp.com,Male,24.161.118.140
65,Michelina,Nyssens,mnyssens1s@usnews.com,Female,164.205.21.37
66,Frederik,Hordle,fhordle1t@reference.com,Male,1.250.154.187
67,Lydia,Mantrup,lmantrup1u@google.cn,Female,123.225.199.128
68,Mabel,Ackwood,mackwood1v@discuz.net,Female,54.47.140.18
69,Gerianne,Habert,ghabert1w@vimeo.com,Genderqueer,109.46.122.236
70,Nat,Mitchall,nmitchall1x@symantec.com,Male,113.180.170.212
71,Jeddy,Bruna,jbruna1y@nytimes.com,Male,159.76.68.46
72,Fredi,MacLardie,fmaclardie1z@loc.gov,Female,20.164.64.84
73,Karole,Simonett,ksimonett20@geocities.jp,Female,217.229.46.244
74,Pauly,Emor,pemor21@twitter.com,Female,37.22.232.163
75,Elisabeth,Syrett,esyrett22@studiopress.com,Female,116.238.209.94
76,Lynnea,Goatcher,lgoatcher23@fastcompany.com,Agender,22.222.190.244
77,Tillie,Dienes,tdienes24@usnews.com,Female,222.3.57.99
78,Larisa,Lehrer,llehrer25@a8.net,Bigender,31.161.100.121
79,Felicio,Sheen,fsheen26@slate.com,Male,63.136.4.81
80,Kyla,Adamek,kadamek27@google.nl,Female,78.138.164.204
81,Elihu,Bleasby,ebleasby28@geocities.jp,Male,22.66.141.246
82,Derrek,Kenyam,dkenyam29@webmd.com,Male,209.8.186.143
83,Langsdon,O'Shiel,loshiel2a@bloglovin.com,Male,17.4.149.148
84,Stefano,Gumary,sgumary2b@google.es,Male,5.44.110.13
85,Tremayne,Curwood,tcurwood2c@umich.edu,Male,210.82.92.49
86,Jaquith,Sauter,jsauter2d@ehow.com,Female,90.8.18.144
87,Audrie,Rushby,arushby2e@intel.com,Female,47.138.60.177
88,Jamaal,Waugh,jwaugh2f@fc2.com,Male,170.25.27.24
89,Guntar,Stainer,gstainer2g@mapy.cz,Male,5.123.211.122
90,Felita,Chander,fchander2h@hostgator.com,Female,249.115.217.43
91,Garth,Lyste,glyste2i@marketwatch.com,Male,60.228.94.11
92,Eberhard,Blankett,eblankett2j@wufoo.com,Bigender,126.211.51.57
93,Bryan,Carle,bcarle2k@facebook.com,Male,126.15.153.40
94,Wilek,Cheal,wcheal2l@phoca.cz,Male,82.255.16.122
95,Brittney,McCloid,bmccloid2m@narod.ru,Female,86.172.180.149
96,Maximilien,Woolis,mwoolis2n@toplist.cz,Male,149.10.116.184
97,Sarina,Penddreth,spenddreth2o@nasa.gov,Female,59.145.47.65
98,Pauletta,Tubritt,ptubritt2p@hexun.com,Female,50.168.188.121
99,Shina,Ickovitz,sickovitz2q@craigslist.org,Female,96.76.5.65
100,Dominique,Renison,drenison2r@usgs.gov,Male,107.202.89.126
101,Donia,Duinbleton,dduinbleton2s@ihg.com,Female,232.175.200.193
102,Basilius,Abramowsky,babramowsky2t@gnu.org,Male,133.248.238.141
103,Sunshine,Shannon,sshannon2u@ihg.com,Female,50.20.126.44
104,Kakalina,Piegrome,kpiegrome2v@imageshack.us,Female,118.30.103.106
105,Tobias,Baudin,tbaudin2w@yahoo.co.jp,Male,185.149.88.214
106,Maible,Garnsworthy,mgarnsworthy2x@indiegogo.com,Female,124.0.79.77
107,Bryan,Campanelli,bcampanelli2y@google.de,Male,35.162.123.20
108,Sergeant,Wickrath,swickrath2z@google.co.jp,Male,145.186.137.39
109,Jacquenette,Jurczak,jjurczak30@nasa.gov,Female,100.147.231.182
110,Alexander,Kermitt,akermitt31@mac.com,Male,125.81.207.123
111,Elsworth,Lowdyane,elowdyane32@kickstarter.com,Male,106.146.190.8
112,Chilton,D'Andrea,cdandrea33@alexa.com,Male,190.20.251.175
113,Janine,Scriver,jscriver34@webeden.co.uk,Female,157.121.186.133
114,Whittaker,Stancer,wstancer35@ted.com,Polygender,246.86.12.177
115,Cassie,Downes,cdownes36@networkadvertising.org,Female,32.53.204.136
116,Otho,Brame,obrame37@cdc.gov,Male,211.58.113.200
117,Sergeant,Fuidge,sfuidge38@paginegialle.it,Male,163.121.158.24
118,Jeremias,Coomes,jcoomes39@shutterfly.com,Male,117.214.119.201
119,Miguel,Fairbairn,mfairbairn3a@state.gov,Male,61.163.175.184
120,Gerald,McVittie,gmcvittie3b@t-online.de,Male,175.143.53.33
121,Kimberlyn,Paulmann,kpaulmann3c@sciencedaily.com,Female,78.206.131.138
122,Kattie,Goodisson,kgoodisson3d@cbc.ca,Female,219.43.214.208
123,Terri-jo,Mackriell,tmackriell3e@over-blog.com,Female,158.174.42.111
124,Josee,Sabatini,jsabatini3f@usa.gov,Female,143.160.26.176
125,Gauthier,McKibbin,gmckibbin3g@webmd.com,Male,145.124.155.217
126,Dale,Bock,dbock3h@accuweather.com,Male,77.20.187.52
127,Pavlov,Lissemore,plissemore3i@miibeian.gov.cn,Male,70.32.147.255
128,Romeo,Rountree,rrountree3j@huffingtonpost.com,Agender,22.79.246.49
129,Cicily,Henderson,chenderson3k@ebay.com,Female,86.93.46.53
130,Bancroft,Garbar,bgarbar3l@gravatar.com,Male,182.33.214.15
131,Cull,Vicioso,cvicioso3m@tiny.cc,Male,189.105.28.41
132,Errick,Hammill,ehammill3n@blog.com,Male,189.202.0.250
133,Misha,Gridon,mgridon3o@webs.com,Female,98.105.245.0
134,Kippy,Burrus,kburrus3p@symantec.com,Male,225.14.150.161
135,Pierce,Shiels,pshiels3q@va.gov,Male,168.7.117.160
136,Kyle,Tomaello,ktomaello3r@cnet.com,Male,106.113.178.18
137,Devin,Ludovico,dludovico3s@samsung.com,Male,87.241.234.216
138,Conan,Seaton,cseaton3t@squarespace.com,Male,200.240.131.181
139,Harcourt,Casford,hcasford3u@bloglovin.com,Male,169.59.142.190
140,Lilith,Wooder,lwooder3v@reddit.com,Female,175.213.213.216
141,Jarad,Greeves,jgreeves3w@amazon.co.jp,Male,229.56.255.154
142,Walther,Waterson,wwaterson3x@constantcontact.com,Male,164.252.8.3
143,Chrisse,Miles,cmiles3y@zdnet.com,Male,249.86.141.130
144,Claretta,Trinkwon,ctrinkwon3z@de.vu,Female,14.72.2.230
145,Bibbie,Blaise,bblaise40@google.de,Female,50.168.141.75
146,Diannne,Bothen,dbothen41@meetup.com,Female,138.115.225.178
147,Chanda,Foggarty,cfoggarty42@netscape.com,Polygender,254.68.67.46
148,Anatole,Taylorson,ataylorson43@house.gov,Male,171.48.215.136
149,Emlen,Assante,eassante44@virginia.edu,Male,98.137.54.217
150,Kit,Dmytryk,kdmytryk45@furl.net,Male,112.9.222.243
151,Willard,Dilkes,wdilkes46@illinois.edu,Genderqueer,14.82.152.252
152,Garrick,Lowing,glowing47@blogspot.com,Male,194.237.130.111
153,Clayborn,Thiem,cthiem48@tinyurl.com,Male,192.41.67.178
154,Nev,Rounding,nrounding49@wunderground.com,Male,165.168.103.89
155,Druci,Baxandall,dbaxandall4a@nsw.gov.au,Female,213.233.215.55
156,Alasdair,Axby,aaxby4b@last.fm,Male,103.118.218.164
157,Haskel,Elverstone,helverstone4c@youtu.be,Male,181.126.252.109
158,Monica,Skynner,mskynner4d@harvard.edu,Female,129.220.2.177
159,Jacky,Okeshott,jokeshott4e@gnu.org,Male,35.114.178.38
160,Tab,Viel,tviel4f@webs.com,Male,55.234.161.146
161,Meagan,Iskow,miskow4g@cafepress.com,Female,88.254.141.201
162,Demetre,Sarge,dsarge4h@jimdo.com,Male,145.144.246.54
163,Alexi,Spottiswood,aspottiswood4i@guardian.co.uk,Female,33.129.193.102
164,Justis,Prozillo,jprozillo4j@boston.com,Male,105.161.82.180
165,Derwin,Dongles,ddongles4k@acquirethisname.com,Male,14.144.3.152
166,Wyatan,Bogges,wbogges4l@sphinn.com,Male,215.214.20.20
167,Ulysses,O'Hingerty,uohingerty4m@drupal.org,Male,112.131.6.123
168,Corly,Strodder,cstrodder4n@flickr.com,Female,125.170.98.162
169,Claybourne,Beverstock,cbeverstock4o@admin.ch,Male,251.23.128.86
170,Lazar,Thunnercliffe,lthunnercliffe4p@mac.com,Male,54.163.94.61
171,Sawyer,Issitt,sissitt4q@instagram.com,Male,20.161.34.172
172,Shellie,Tilmouth,stilmouth4r@a8.net,Female,53.238.152.14
173,Carmel,Ware,cware4s@amazon.de,Female,98.161.236.62
174,Craggie,Stranio,cstranio4t@cnet.com,Male,160.8.213.153
175,Raeann,Roget,rroget4u@twitpic.com,Polygender,236.197.38.217
176,Boothe,Insko,binsko4v@elegantthemes.com,Male,77.175.60.62
177,Maura,Blowick,mblowick4w@chron.com,Female,146.78.233.94
178,Quintina,O'Sheerin,qosheerin4x@smugmug.com,Female,139.130.58.11
179,Bryn,De Dei,bdedei4y@infoseek.co.jp,Male,199.7.121.44
180,Lemmie,Gueinn,lgueinn4z@bbb.org,Male,65.147.74.47
181,Sig,Sorensen,ssorensen50@cbc.ca,Male,28.203.233.199
182,Killian,Labon,klabon51@jigsy.com,Male,239.83.246.34
183,Odie,Marquis,omarquis52@independent.co.uk,Male,134.98.2.92
184,Rory,Fontelles,rfontelles53@yelp.com,Bigender,107.121.169.46
185,Devland,Dounbare,ddounbare54@pinterest.com,Male,13.74.222.123
186,Maurits,Keays,mkeays55@wikispaces.com,Male,195.221.19.102
187,Ginnifer,McArte,gmcarte56@printfriendly.com,Female,243.2.190.252
188,Tobin,Utterson,tutterson57@is.gd,Male,132.81.29.69
189,Prentice,Drohan,pdrohan58@discuz.net,Male,114.168.0.117
190,Selena,Bandt,sbandt59@dailymail.co.uk,Female,181.220.186.67
191,Maddi,Robic,mrobic5a@cdbaby.com,Female,74.2.162.86
192,Karlens,Littlechild,klittlechild5b@vk.com,Male,246.182.202.79
193,Byram,Rentoll,brentoll5c@simplemachines.org,Male,5.35.33.87
194,Westleigh,Andrichuk,wandrichuk5d@dailymail.co.uk,Male,186.197.140.177
195,Saraann,Simister,ssimister5e@dmoz.org,Female,216.74.86.110
196,Delilah,MacManus,dmacmanus5f@addthis.com,Female,151.226.228.246
197,Sansone,Joinson,sjoinson5g@icio.us,Male,119.217.69.215
198,Russ,Fishpoole,rfishpoole5h@nps.gov,Male,231.21.221.81
199,Rossie,Isaacs,risaacs5i@tinypic.com,Male,129.130.219.117
200,Tuesday,Chestle,tchestle5j@meetup.com,Female,91.205.202.1
201,Jacky,Nickoles,jnickoles5k@plala.or.jp,Male,206.153.30.35
202,Bridget,Fane,bfane5l@answers.com,Female,14.150.212.235
203,Chico,McLoughlin,cmcloughlin5m@skyrock.com,Male,178.2.100.88
204,Cicely,Mabbott,cmabbott5n@mashable.com,Female,106.170.236.220
205,Giralda,McGeorge,gmcgeorge5o@mozilla.com,Female,120.2.217.164
206,Theadora,Dumbrall,tdumbrall5p@whitehouse.gov,Female,177.108.202.12
207,Galvan,Hort,ghort5q@mysql.com,Male,178.33.82.221
208,Beatriz,Dunphie,bdunphie5r@theglobeandmail.com,Female,33.244.33.116
209,Armand,Pratty,apratty5s@wikispaces.com,Male,194.141.144.154
210,Tomasina,Twopenny,ttwopenny5t@jalbum.net,Agender,244.247.181.203
211,Catherine,Moncey,cmoncey5u@cam.ac.uk,Female,199.246.201.229
212,Teressa,Trumble,ttrumble5v@nsw.gov.au,Female,187.110.104.184
213,Jeri,Entres,jentres5w@shop-pro.jp,Female,60.119.241.68
214,Flossi,Franc,ffranc5x@unc.edu,Female,81.189.132.113
215,Happy,Richel,hrichel5y@vk.com,Agender,140.12.28.185
216,Ogdon,Turfin,oturfin5z@ask.com,Male,201.234.50.95
217,Merrick,Fuller,mfuller60@e-recht24.de,Male,112.204.41.6
218,Nessi,Dymidowski,ndymidowski61@uol.com.br,Female,120.46.140.177
219,Tessa,Condit,tcondit62@cnbc.com,Female,48.120.82.126
220,Ardis,Osipenko,aosipenko63@microsoft.com,Female,189.4.1.67
221,Nancie,Giannassi,ngiannassi64@github.com,Female,32.148.192.44
222,Happy,Apted,hapted65@myspace.com,Female,36.10.90.182
223,Yule,Giovannacci,ygiovannacci66@imageshack.us,Male,217.12.234.203
224,Bridgette,Middlemist,bmiddlemist67@merriam-webster.com,Polygender,228.231.33.178
225,Jennilee,Cardall,jcardall68@forbes.com,Genderfluid,68.136.255.56
226,Rupert,Elliff,relliff69@jugem.jp,Male,103.115.174.121
227,Sunny,Stife,sstife6a@prnewswire.com,Female,25.255.227.232
228,Xylia,Konig,xkonig6b@over-blog.com,Female,91.210.223.2
229,Lyndsie,Wheildon,lwheildon6c@cocolog-nifty.com,Genderqueer,212.224.221.120
230,Conney,McCreadie,cmccreadie6d@msu.edu,Male,225.190.212.187
231,Alexandre,Roxbee,aroxbee6e@paginegialle.it,Male,149.207.166.172
232,Gery,Jordan,gjordan6f@diigo.com,Male,94.238.7.38
233,Upton,Peploe,upeploe6g@chronoengine.com,Male,143.52.216.22
234,Misha,Bullan,mbullan6h@answers.com,Female,96.214.229.115
235,Aksel,Carpenter,acarpenter6i@furl.net,Male,86.6.143.229
236,Cullin,Keele,ckeele6j@aboutads.info,Male,243.231.123.120
237,Catherine,Deeley,cdeeley6k@4shared.com,Female,225.49.127.131
238,Cathyleen,Winnister,cwinnister6l@facebook.com,Female,165.61.230.194
239,Domeniga,Sleany,dsleany6m@xinhuanet.com,Female,58.90.180.105
240,Betsey,Tocknell,btocknell6n@google.ru,Non-binary,213.139.167.237
241,Alf,Haxell,ahaxell6o@gmpg.org,Male,138.205.49.106
242,Caldwell,Beckles,cbeckles6p@aboutads.info,Male,148.63.11.120
243,Debora,Joiner,djoiner6q@csmonitor.com,Female,209.103.152.161
244,Wallie,Daunter,wdaunter6r@tumblr.com,Agender,7.178.105.81
245,Trueman,Hundey,thundey6s@cornell.edu,Bigender,205.115.54.168
246,Rutter,McCorry,rmccorry6t@businessweek.com,Male,29.146.120.188
247,Gawen,Purry,gpurry6u@netscape.com,Agender,94.139.86.77
248,Burke,Pococke,bpococke6v@bravesites.com,Male,62.40.204.230
249,Ax,Wilfinger,awilfinger6w@blogs.com,Male,56.186.26.12
250,Michel,Lemm,mlemm6x@w3.org,Female,16.201.96.38
251,Malachi,Meatyard,mmeatyard6y@berkeley.edu,Male,214.76.30.78
252,Enrico,Merrick,emerrick6z@mtv.com,Male,77.80.1.15
253,Agnes,Lideard,alideard70@wired.com,Female,49.111.232.90
254,Jo-anne,Fasler,jfasler71@csmonitor.com,Female,191.53.57.134
255,Rubia,Kiffe,rkiffe72@stanford.edu,Female,225.230.61.56
256,Davie,Bullene,dbullene73@163.com,Male,166.57.244.69
257,Sonya,Pearton,spearton74@netscape.com,Female,8.83.160.207
258,Stormie,Medler,smedler75@globo.com,Female,15.87.187.91
259,Marcellus,Folini,mfolini76@webs.com,Male,209.115.80.214
260,Peggi,Revening,prevening77@ustream.tv,Female,2.126.89.146
261,Stanleigh,Lanham,slanham78@amazon.de,Male,6.10.17.173
262,Oralia,Dudden,odudden79@pcworld.com,Female,64.22.4.238
263,Candida,Spellesy,cspellesy7a@fc2.com,Female,6.127.107.167
264,Marj,Slocombe,mslocombe7b@dion.ne.jp,Genderfluid,9.223.54.54
265,Nettle,Readwood,nreadwood7c@weebly.com,Female,45.213.190.159
266,Nanon,Caswell,ncaswell7d@guardian.co.uk,Female,20.103.34.122
267,Blair,Kynston,bkynston7e@paginegialle.it,Male,252.172.33.205
268,Britt,Dench,bdench7f@dagondesign.com,Polygender,42.244.182.110
269,Ketty,Yirrell,kyirrell7g@phpbb.com,Agender,167.80.66.18
270,Patricio,Bourthouloume,pbourthouloume7h@vinaora.com,Male,62.249.145.74
271,Robert,Roff,rroff7i@webnode.com,Male,46.57.199.46
272,Cello,Ritson,critson7j@sakura.ne.jp,Male,56.246.147.55
273,Tate,McCully,tmccully7k@alibaba.com,Female,126.239.129.152
274,Eldredge,McGourty,emcgourty7l@patch.com,Male,12.116.212.82
275,Bobbie,Thicking,bthicking7m@ifeng.com,Male,25.181.115.59
276,Valentijn,Fleay,vfleay7n@noaa.gov,Male,84.180.197.229
277,Zak,Brosetti,zbrosetti7o@barnesandnoble.com,Male,94.196.90.85
278,Sherie,Pencot,spencot7p@ebay.com,Female,227.115.146.15
279,Brittni,Bazylets,bbazylets7q@loc.gov,Female,41.56.170.210
280,Marne,Kesten,mkesten7r@google.pl,Female,76.62.54.81
281,Dotti,Orme,dorme7s@drupal.org,Female,140.80.236.49
282,Pepe,Keeves,pkeeves7t@wiley.com,Male,228.129.185.12
283,Nate,Vedishchev,nvedishchev7u@hud.gov,Bigender,246.217.36.236
284,Harold,Giron,hgiron7v@spotify.com,Male,80.173.229.180
285,Ursa,Baddow,ubaddow7w@who.int,Female,141.181.112.207
286,Phaedra,Pinck,ppinck7x@admin.ch,Female,12.176.215.241
287,Erskine,Coping,ecoping7y@prweb.com,Male,237.138.107.11
288,Dominique,Giovannacci,dgiovannacci7z@independent.co.uk,Female,198.91.144.106
289,Tedie,Chainey,tchainey80@nhs.uk,Male,113.163.234.187
290,Anthony,Klossmann,aklossmann81@ucla.edu,Male,248.186.193.37
291,Pierette,Ceschelli,pceschelli82@army.mil,Female,117.149.159.159
292,Cher,Villiers,cvilliers83@npr.org,Female,109.126.199.181
293,Konrad,Durnford,kdurnford84@rakuten.co.jp,Male,63.60.21.49
294,Johan,Knowlys,jknowlys85@free.fr,Male,151.160.145.22
295,Joanne,Dabner,jdabner86@stanford.edu,Female,183.214.106.128
296,Madelle,McCaffery,mmccaffery87@tinypic.com,Female,221.113.122.55
297,Betty,Tansey,btansey88@yale.edu,Female,149.218.189.18
298,Paco,Gingold,pgingold89@comsenz.com,Male,10.189.145.222
299,Elaina,Dodding,edodding8a@histats.com,Female,64.9.83.165
300,Bennie,Bouller,bbouller8b@blogs.com,Male,51.152.21.218
301,Sisile,Bineham,sbineham8c@amazon.com,Female,210.140.124.74
302,Cortie,Tezure,ctezure8d@wordpress.org,Male,239.149.1.242
303,Spense,Nanni,snanni8e@businessinsider.com,Non-binary,235.231.150.158
304,Willis,Grinaway,wgrinaway8f@studiopress.com,Agender,212.95.59.168
305,Cayla,Masarrat,cmasarrat8g@com.com,Female,56.94.5.187
306,Tess,Mabbutt,tmabbutt8h@hibu.com,Female,160.102.247.240
307,Skipper,Maisey,smaisey8i@tuttocitta.it,Bigender,172.90.55.248
308,Thorin,Cadagan,tcadagan8j@senate.gov,Non-binary,133.163.152.32
309,Gerty,Reyne,greyne8k@blogtalkradio.com,Female,108.22.46.213
310,Nike,Berard,nberard8l@so-net.ne.jp,Female,74.92.43.28
311,Amandi,MacGeffen,amacgeffen8m@wired.com,Female,99.144.18.196
312,Malia,Dudbridge,mdudbridge8n@deviantart.com,Female,186.53.192.181
313,Jennette,Cristofanini,jcristofanini8o@nhs.uk,Female,158.11.77.36
314,Cello,Foxhall,cfoxhall8p@home.pl,Male,183.44.96.216
315,Mandi,Winnister,mwinnister8q@theglobeandmail.com,Female,53.168.220.42
316,Torrin,Alennikov,talennikov8r@hp.com,Non-binary,128.152.186.47
317,Dan,Attwill,dattwill8s@engadget.com,Male,205.91.89.166
318,Maurise,Dilkes,mdilkes8t@psu.edu,Female,155.100.6.94
319,Alvie,Brolechan,abrolechan8u@csmonitor.com,Male,32.32.173.75
320,Brittani,Titmarsh,btitmarsh8v@businessinsider.com,Female,104.166.136.29
321,Marshall,Leathlay,mleathlay8w@histats.com,Male,230.45.168.38
322,Valida,Cearley,vcearley8x@howstuffworks.com,Female,183.115.221.117
323,Pearla,Forsey,pforsey8y@nydailynews.com,Female,138.206.21.19
324,Evy,Hibling,ehibling8z@pinterest.com,Female,130.234.243.150
325,Cullen,Shane,cshane90@jiathis.com,Male,191.112.60.26
326,Lazar,Saxelby,lsaxelby91@admin.ch,Male,44.186.54.135
327,Van,Motten,vmotten92@berkeley.edu,Bigender,101.189.27.71
328,Timmi,Aneley,taneley93@wikispaces.com,Female,232.19.142.218
329,Manolo,Simmonds,msimmonds94@twitter.com,Male,32.210.208.169
330,Webster,Dooher,wdooher95@imdb.com,Male,18.153.209.95
331,Salomone,Oldridge,soldridge96@4shared.com,Male,30.146.68.199
332,Claudia,Davidde,cdavidde97@lulu.com,Female,247.75.102.185
333,Barny,Rois,brois98@cam.ac.uk,Male,148.97.184.15
334,Zaneta,Schimaschke,zschimaschke99@hud.gov,Female,165.30.99.21
335,Welbie,Appleford,wappleford9a@discuz.net,Male,175.171.24.184
336,Miran,Loughman,mloughman9b@livejournal.com,Female,162.189.120.227
337,Alexandr,Oakenford,aoakenford9c@geocities.jp,Male,51.232.193.233
338,Roley,Cahalan,rcahalan9d@fda.gov,Male,164.152.157.14
339,Derward,Gloucester,dgloucester9e@vk.com,Male,50.65.60.182
340,Yehudi,Cheyney,ycheyney9f@dropbox.com,Genderqueer,233.45.169.45
341,Jamima,Hinz,jhinz9g@java.com,Female,144.59.240.167
342,Zak,Darrigone,zdarrigone9h@devhub.com,Male,233.57.83.225
343,Salome,Lacase,slacase9i@wikipedia.org,Female,184.75.200.197
344,Glenn,Cluitt,gcluitt9j@springer.com,Male,150.80.117.207
345,Lindsy,Jans,ljans9k@eepurl.com,Agender,158.223.18.249
346,Kitti,Minker,kminker9l@topsy.com,Female,41.224.175.238
347,Pam,Gittins,pgittins9m@google.co.uk,Female,98.212.109.120
348,Christian,Pickup,cpickup9n@reverbnation.com,Female,228.215.19.190
349,Beau,Zupo,bzupo9o@yahoo.co.jp,Male,211.223.176.24
350,Gradeigh,Lamba,glamba9p@spiegel.de,Male,135.234.169.92
351,Kevin,Szachniewicz,kszachniewicz9q@paypal.com,Male,73.211.20.106
352,Bob,Robertazzi,brobertazzi9r@jugem.jp,Male,52.95.249.226
353,Dyanna,Wogden,dwogden9s@google.ca,Female,95.102.168.91
354,Wynn,Tasseler,wtasseler9t@wisc.edu,Male,231.66.104.47
355,Harp,Workman,hworkman9u@chronoengine.com,Male,140.67.209.135
356,Bertine,Hunnicutt,bhunnicutt9v@twitpic.com,Female,173.111.125.7
357,Hollis,Marrion,hmarrion9w@unicef.org,Male,80.129.160.162
358,Vicky,Hekkert,vhekkert9x@g.co,Female,89.104.80.246
359,Delmor,Sambrok,dsambrok9y@cbc.ca,Male,238.231.196.43
360,Faustina,Skarman,fskarman9z@canalblog.com,Female,222.140.107.5
361,Meggie,Downey,mdowneya0@engadget.com,Female,83.35.17.195
362,Creighton,Trevillion,ctrevilliona1@woothemes.com,Male,192.223.231.40
363,Corliss,Brodley,cbrodleya2@furl.net,Female,47.91.236.197
364,Anne-corinne,Klimontovich,aklimontovicha3@ucla.edu,Female,197.215.43.97
365,Inna,Yanshonok,iyanshonoka4@vk.com,Female,198.157.78.148
366,Townsend,Thynn,tthynna5@tumblr.com,Male,61.89.211.46
367,Allyn,Jacquemy,ajacquemya6@phpbb.com,Female,100.193.182.94
368,Darci,Palatini,dpalatinia7@sina.com.cn,Female,179.246.230.140
369,Philippe,Pexton,ppextona8@stumbleupon.com,Female,133.1.78.254
370,Bernardina,Kinnier,bkinniera9@ow.ly,Female,68.33.59.10
371,Veriee,Hakonsson,vhakonssonaa@networksolutions.com,Female,244.173.131.2
372,Crichton,Fredson,cfredsonab@godaddy.com,Male,130.100.5.7
373,Wren,Dunkerley,wdunkerleyac@vk.com,Genderqueer,198.50.71.107
374,Leanna,Mattecot,lmattecotad@globo.com,Female,124.35.90.82
375,Marten,Haithwaite,mhaithwaiteae@apache.org,Male,226.219.20.85
376,Vasilis,Chavez,vchavezaf@purevolume.com,Male,159.205.73.204
377,Katee,Haydney,khaydneyag@webeden.co.uk,Female,158.191.242.204
378,Danny,Burr,dburrah@nature.com,Genderqueer,188.19.220.23
379,Malanie,Rennocks,mrennocksai@wordpress.org,Female,22.168.125.179
380,Reginauld,Smouten,rsmoutenaj@comsenz.com,Male,116.238.240.159
381,Abigail,Andrault,aandraultak@independent.co.uk,Female,79.11.24.127
382,Daryl,Dickens,ddickensal@slate.com,Male,174.230.253.217
383,Babs,Haws,bhawsam@vimeo.com,Female,202.72.90.165
384,Marje,Hoyer,mhoyeran@booking.com,Female,79.224.79.189
385,Jamima,Tomsu,jtomsuao@oakley.com,Female,208.207.218.176
386,Dalis,Crocombe,dcrocombeap@phoca.cz,Male,47.0.53.244
387,Joyous,Braxay,jbraxayaq@icq.com,Female,238.226.106.50
388,Branden,Bakewell,bbakewellar@sakura.ne.jp,Male,118.99.156.158
389,Artemas,Mitchinson,amitchinsonas@squarespace.com,Male,211.134.254.55
390,Sasha,Dubble,sdubbleat@adobe.com,Male,121.146.123.115
391,Harbert,Scatchar,hscatcharau@domainmarket.com,Bigender,245.64.202.241
392,Evey,Gunthorp,egunthorpav@slashdot.org,Female,221.144.59.80
393,Jacquelyn,Suckling,jsucklingaw@princeton.edu,Bigender,19.63.252.88
394,Georgie,Brumwell,gbrumwellax@miibeian.gov.cn,Male,5.234.129.151
395,Burg,Morsley,bmorsleyay@ezinearticles.com,Male,26.98.150.40
396,Lark,Maine,lmaineaz@hubpages.com,Female,64.247.19.221
397,Jill,Kitcherside,jkitchersideb0@reuters.com,Female,240.100.88.179
398,Lyssa,Dannohl,ldannohlb1@surveymonkey.com,Female,243.93.147.137
399,Larina,Ledrun,lledrunb2@stanford.edu,Female,32.8.210.221
400,Harriett,Packe,hpackeb3@columbia.edu,Female,112.44.20.183
401,Darya,McAusland,dmcauslandb4@slate.com,Female,145.56.244.106
402,Franciska,Dowell,fdowellb5@wisc.edu,Female,77.241.191.82
403,Morry,Ander,manderb6@timesonline.co.uk,Male,67.168.85.66
404,Nicol,Pretor,npretorb7@who.int,Female,29.254.38.62
405,Bertine,Firebrace,bfirebraceb8@digg.com,Female,208.166.54.97
406,Brynne,Hanse,bhanseb9@shutterfly.com,Female,249.43.252.80
407,Booth,Beamiss,bbeamissba@ning.com,Male,96.250.36.78
408,Glenda,Bogace,gbogacebb@bravesites.com,Female,116.141.95.114
409,Neala,Nutt,nnuttbc@stanford.edu,Female,80.68.161.120
410,Cherise,Orridge,corridgebd@epa.gov,Female,4.28.114.190
411,Chandal,Aylmer,caylmerbe@google.es,Female,54.190.135.124
412,Dacia,Rollett,drollettbf@ycombinator.com,Female,8.51.94.30
413,Linn,Skeel,lskeelbg@ucla.edu,Male,60.36.113.105
414,Vin,Laddle,vladdlebh@usnews.com,Male,154.78.97.175
415,Marty,Broker,mbrokerbi@answers.com,Male,15.41.43.171
416,Roddie,Charrette,rcharrettebj@who.int,Male,58.27.159.165
417,Edlin,McMillan,emcmillanbk@alibaba.com,Male,213.22.166.4
418,Letta,Palfreman,lpalfremanbl@imgur.com,Female,75.124.251.188
419,Elwood,Hazart,ehazartbm@e-recht24.de,Male,242.67.80.5
420,Stanislas,Oggers,soggersbn@businesswire.com,Male,100.199.91.249
421,Vanya,Bagg,vbaggbo@shinystat.com,Male,112.203.29.40
422,Pall,Font,pfontbp@nature.com,Male,11.210.247.177
423,Ahmed,Horrigan,ahorriganbq@tinyurl.com,Male,231.52.96.48
424,Raviv,Conboy,rconboybr@aboutads.info,Male,135.91.246.239
425,Evy,Archambault,earchambaultbs@alibaba.com,Female,180.219.123.36
426,Brewster,Degli Abbati,bdegliabbatibt@rakuten.co.jp,Male,157.140.203.109
427,Sammie,Runacres,srunacresbu@engadget.com,Male,197.127.244.213
428,Nikkie,Shakelade,nshakeladebv@elegantthemes.com,Female,90.46.227.252
429,Kat,Prettyjohn,kprettyjohnbw@sphinn.com,Female,135.221.151.205
430,Wash,Sproule,wsproulebx@gmpg.org,Male,193.200.44.252
431,Renelle,Kinnock,rkinnockby@mayoclinic.com,Female,219.104.234.69
432,Ravi,Detheridge,rdetheridgebz@pen.io,Male,76.177.219.52
433,Ellerey,Yurocjhin,eyurocjhinc0@ebay.co.uk,Male,26.213.167.232
434,Ludovico,Phare,lpharec1@walmart.com,Male,206.48.0.56
435,Hatty,De Coursey,hdecourseyc2@hostgator.com,Agender,152.3.65.112
436,Brier,Gonet,bgonetc3@spotify.com,Female,115.225.94.18
437,Pavlov,Hazeup,phazeupc4@squidoo.com,Male,169.49.170.254
438,Cointon,Pallesen,cpallesenc5@barnesandnoble.com,Male,99.42.108.16
439,Crysta,Canceller,ccancellerc6@icio.us,Female,17.56.30.21
440,Joanna,Ungerecht,jungerechtc7@go.com,Female,241.90.215.47
441,Bellanca,Worham,bworhamc8@ihg.com,Female,28.203.157.211
442,Peyton,De Blasio,pdeblasioc9@ca.gov,Male,84.170.66.165
443,Saw,Kensett,skensettca@clickbank.net,Male,119.92.195.118
444,Wynnie,Batter,wbattercb@technorati.com,Female,83.76.134.85
445,Pauly,Harnes,pharnescc@technorati.com,Male,97.89.158.19
446,Arleyne,Brunskill,abrunskillcd@omniture.com,Genderqueer,170.6.252.247
447,Tabina,Hammerman,thammermance@bing.com,Female,148.85.185.246
448,Gregoire,Kenen,gkenencf@newyorker.com,Male,233.107.15.22
449,Zaccaria,Morrallee,zmorralleecg@booking.com,Non-binary,136.125.201.174
450,Hanan,Pool,hpoolch@arstechnica.com,Non-binary,21.189.209.89
451,Edeline,Phillipps,ephillippsci@jigsy.com,Female,19.53.130.187
452,Ingaborg,Strangman,istrangmancj@edublogs.org,Female,134.39.68.206
453,Halsy,McCrudden,hmccruddenck@alexa.com,Male,203.146.6.226
454,Bibbie,De Fraine,bdefrainecl@hc360.com,Female,52.8.162.65
455,Lydia,Saffer,lsaffercm@list-manage.com,Female,23.242.129.51
456,Jessie,Thurby,jthurbycn@reuters.com,Female,53.244.220.236
457,Sergent,Howman,showmanco@scientificamerican.com,Male,15.102.119.143
458,Emmalynne,Bromby,ebrombycp@indiegogo.com,Female,243.205.81.128
459,Kathye,Sarfass,ksarfasscq@dell.com,Female,201.107.212.124
460,Jasmine,Marquand,jmarquandcr@apache.org,Female,39.17.176.121
461,Richmound,Feehery,rfeeherycs@reference.com,Male,192.63.233.25
462,Margi,Rodder,mrodderct@admin.ch,Bigender,124.179.51.30
463,Ekaterina,Powdrill,epowdrillcu@jigsy.com,Polygender,236.138.148.164
464,Deina,Karchewski,dkarchewskicv@indiatimes.com,Female,153.26.94.129
465,Vassili,Hoofe,vhoofecw@google.es,Male,130.203.7.29
466,Ami,Swindells,aswindellscx@flickr.com,Female,109.117.55.164
467,Heda,Gridon,hgridoncy@slate.com,Female,36.129.202.66
468,Franklin,Joseland,fjoselandcz@nydailynews.com,Male,95.188.223.225
469,Benedict,Crowther,bcrowtherd0@ftc.gov,Male,120.9.110.56
470,Hugh,Emmerson,hemmersond1@nih.gov,Male,32.95.56.3
471,Feliza,Robertot,frobertotd2@home.pl,Female,55.153.217.67
472,Immanuel,Shynn,ishynnd3@alibaba.com,Male,77.152.139.232
473,Phyllys,Bier,pbierd4@creativecommons.org,Female,73.16.156.41
474,Crissie,McKay,cmckayd5@vistaprint.com,Female,96.133.60.193
475,Minnie,Boutwell,mboutwelld6@ifeng.com,Female,108.108.80.62
476,Stephanus,Keppe,skepped7@flavors.me,Polygender,216.99.83.204
477,Wilow,Vinson,wvinsond8@drupal.org,Female,197.73.58.188
478,Leoline,Selway,lselwayd9@house.gov,Female,145.247.109.208
479,Lulu,Liggens,lliggensda@paypal.com,Female,235.132.166.231
480,Hy,Liggins,hligginsdb@tumblr.com,Male,173.216.26.93
481,Aharon,Ferretti,aferrettidc@arizona.edu,Male,36.221.107.129
482,Gayler,Bailess,gbailessdd@gov.uk,Male,50.70.254.154
483,Trula,Cornely,tcornelyde@dropbox.com,Female,203.54.10.177
484,Barny,Vear,bveardf@elegantthemes.com,Male,66.224.143.28
485,Lukas,Dunbobin,ldunbobindg@unblog.fr,Male,24.143.79.199
486,Gustavus,Benedict,gbenedictdh@hatena.ne.jp,Male,141.87.198.136
487,Pansie,Cottle,pcottledi@goodreads.com,Female,32.48.8.152
488,Gerrie,Lutas,glutasdj@toplist.cz,Female,173.234.182.186
489,Dannye,Staniforth,dstaniforthdk@hostgator.com,Female,57.88.24.125
490,Tony,Gleeton,tgleetondl@hugedomains.com,Male,148.89.221.72
491,Eran,Lanfranchi,elanfranchidm@bing.com,Female,71.137.165.149
492,Pauly,Shipway,pshipwaydn@mozilla.org,Female,177.19.91.39
493,Janis,Airlie,jairliedo@parallels.com,Female,162.107.222.189
494,Veronike,Copozio,vcopoziodp@dagondesign.com,Female,105.72.200.131
495,Valentin,Bolver,vbolverdq@house.gov,Male,182.59.157.17
496,Bran,Maher,bmaherdr@marketwatch.com,Male,22.188.248.121
497,Angeli,Tiley,atileyds@rambler.ru,Male,82.230.127.46
498,Arne,Steedman,asteedmandt@google.com.hk,Male,123.212.227.167
499,Norman,Hawkswood,nhawkswooddu@trellian.com,Male,49.225.136.11
500,Brunhilda,Tantrum,btantrumdv@cbsnews.com,Female,251.171.180.220
501,Wilfred,Stainson,wstainsondw@samsung.com,Male,92.242.171.186
502,Jacintha,Suller,jsullerdx@tinypic.com,Female,104.40.10.81
503,Gavin,Fosdyke,gfosdykedy@timesonline.co.uk,Male,30.179.218.199
504,Bartie,Kores,bkoresdz@sun.com,Male,17.31.126.123
505,Malissa,Chardin,mchardine0@oaic.gov.au,Female,176.49.135.96
506,Boot,Folks,bfolkse1@weibo.com,Non-binary,130.167.250.232
507,Alvy,Copley,acopleye2@earthlink.net,Male,171.93.94.71
508,Tull,Durrington,tdurringtone3@netscape.com,Male,157.110.181.147
509,Agnesse,Biesterfeld,abiesterfelde4@g.co,Female,131.201.79.243
510,Conrade,Wetherell,cwetherelle5@mysql.com,Male,68.27.97.91
511,Cynthy,Davey,cdaveye6@tripadvisor.com,Female,111.184.253.188
512,Antons,Showl,ashowle7@twitpic.com,Male,33.215.110.53
513,Desdemona,Llewellen,dllewellene8@washington.edu,Female,54.8.240.248
514,Fernandina,Norbury,fnorburye9@ameblo.jp,Female,238.143.232.145
515,Jay,Poetz,jpoetzea@domainmarket.com,Male,252.189.125.28
516,Karin,McQuirk,kmcquirkeb@delicious.com,Female,60.128.187.205
517,Jordana,Rodman,jrodmanec@state.tx.us,Female,242.177.208.224
518,Wyn,Hens,whensed@walmart.com,Male,187.166.25.161
519,Alecia,Danell,adanellee@ocn.ne.jp,Female,28.251.37.29
520,Dena,Roebottom,droebottomef@craigslist.org,Female,254.25.8.163
521,Roderigo,Pert,rperteg@sourceforge.net,Male,107.22.140.96
522,Charin,Cokely,ccokelyeh@altervista.org,Female,14.219.69.81
523,Goldarina,Darlison,gdarlisonei@netscape.com,Female,122.184.43.224
524,Devondra,Vigours,dvigoursej@barnesandnoble.com,Female,197.218.175.216
525,Miof mela,Eye,meyeek@feedburner.com,Female,157.234.147.219
526,Jackie,Howcroft,jhowcroftel@businesswire.com,Male,241.171.91.146
527,Andonis,Yo,ayoem@smugmug.com,Male,176.236.162.219
528,Gilles,Rickaby,grickabyen@studiopress.com,Male,77.87.225.129
529,Chrissy,Gerram,cgerrameo@t.co,Genderfluid,116.183.90.190
530,Ella,Lishman,elishmanep@youtube.com,Female,247.15.4.157
531,Benjy,Dougherty,bdoughertyeq@utexas.edu,Male,31.105.210.214
532,Barrett,Greensitt,bgreensitter@smh.com.au,Male,182.75.117.214
533,Lucia,Jouanot,ljouanotes@java.com,Female,57.45.109.140
534,Janenna,Bunten,jbuntenet@1688.com,Female,151.232.109.61
535,Archaimbaud,Causley,acausleyeu@google.co.jp,Male,253.78.75.44
536,Lib,Petche,lpetcheev@dot.gov,Female,223.149.227.117
537,Gretal,Newns,gnewnsew@adobe.com,Female,150.35.163.12
538,Ulric,Pallister,upallisterex@hubpages.com,Male,91.255.98.234
539,Beatrisa,Treffry,btreffryey@bloomberg.com,Non-binary,216.126.129.30
540,Ricoriki,Worlidge,rworlidgeez@virginia.edu,Male,254.63.70.161
541,Mose,Danilovic,mdanilovicf0@friendfeed.com,Male,147.73.56.98
542,Antin,Petrasch,apetraschf1@mlb.com,Male,192.232.73.74
543,Cecilla,Sharp,csharpf2@wp.com,Non-binary,181.22.232.203
544,Ralph,Clymer,rclymerf3@imdb.com,Non-binary,138.23.120.39
545,Shelbi,McAllester,smcallesterf4@merriam-webster.com,Female,141.192.203.195
546,Frannie,Jakovijevic,fjakovijevicf5@printfriendly.com,Female,251.126.176.19
547,Ania,Elegood,aelegoodf6@hao123.com,Female,86.180.215.4
548,Hobey,Breckell,hbreckellf7@t-online.de,Male,15.48.81.142
549,Karola,Pape,kpapef8@technorati.com,Female,12.152.73.102
550,Baudoin,Walter,bwalterf9@prlog.org,Male,38.39.158.21
551,Ezechiel,Eberz,eeberzfa@studiopress.com,Male,167.220.203.171
552,Nona,O'Gormley,nogormleyfb@go.com,Female,26.241.222.38
553,Birk,Duplan,bduplanfc@blogtalkradio.com,Male,13.127.14.25
554,Mitch,Gloves,mglovesfd@privacy.gov.au,Genderqueer,124.202.245.218
555,Leonardo,Heffy,lheffyfe@census.gov,Male,190.195.48.44
556,Lotti,Semorad,lsemoradff@scribd.com,Female,151.66.253.90
557,Aurthur,Shenton,ashentonfg@dell.com,Male,154.218.216.234
558,Roderic,Bisatt,rbisattfh@over-blog.com,Bigender,155.16.63.74
559,Juana,Jarrold,jjarroldfi@timesonline.co.uk,Female,207.16.104.230
560,Bevvy,Briggdale,bbriggdalefj@prnewswire.com,Female,161.38.243.0
561,Sandy,Raithbie,sraithbiefk@ameblo.jp,Male,13.110.96.4
562,Carly,Fawcus,cfawcusfl@admin.ch,Male,125.42.244.79
563,Rockey,Ende,rendefm@berkeley.edu,Male,23.136.195.178
564,Benyamin,Haggidon,bhaggidonfn@xinhuanet.com,Male,7.253.25.222
565,Ker,Worgan,kworganfo@lycos.com,Male,156.150.32.238
566,Jacinta,Rockcliffe,jrockcliffefp@google.com.au,Polygender,171.160.48.189
567,Jo-ann,Giblin,jgiblinfq@odnoklassniki.ru,Female,161.226.20.200
568,Blayne,McCague,bmccaguefr@360.cn,Male,108.230.235.64
569,Aloisia,Ugo,augofs@oaic.gov.au,Female,9.119.123.51
570,Lovell,Woolveridge,lwoolveridgeft@youtube.com,Male,52.30.170.159
571,Mel,Blaszczynski,mblaszczynskifu@indiegogo.com,Male,216.102.45.231
572,Drud,Biasioli,dbiasiolifv@clickbank.net,Male,180.205.124.173
573,Ortensia,Stobbe,ostobbefw@tinypic.com,Female,14.252.31.241
574,Noni,Lukesch,nlukeschfx@hud.gov,Female,46.177.22.111
575,Denys,Mellows,dmellowsfy@sphinn.com,Male,125.48.75.63
576,Morry,Kinghorne,mkinghornefz@angelfire.com,Male,96.110.242.21
577,Anstice,Beddis,abeddisg0@ocn.ne.jp,Female,114.10.234.49
578,Storm,Varvara,svarvarag1@go.com,Female,116.238.58.231
579,Jilly,Stennine,jstennineg2@disqus.com,Female,134.160.64.171
580,Nev,Titterrell,ntitterrellg3@feedburner.com,Male,219.47.103.172
581,Lamond,Weldon,lweldong4@free.fr,Male,216.20.227.123
582,Hakeem,Mc Grath,hmcgrathg5@wp.com,Male,191.68.187.122
583,Lucky,O'Hannay,lohannayg6@ow.ly,Female,196.201.74.5
584,Sully,Sprackling,sspracklingg7@nydailynews.com,Male,92.147.249.231
585,Laurice,Sillitoe,lsillitoeg8@icq.com,Female,249.135.117.83
586,Billi,Poate,bpoateg9@usa.gov,Female,137.146.241.92
587,Welby,Bootes,wbootesga@answers.com,Male,207.24.217.186
588,Gregor,Membry,gmembrygb@whitehouse.gov,Male,156.249.104.4
589,Aldis,Braganza,abraganzagc@wikimedia.org,Male,252.247.243.29
590,Alika,Schreiner,aschreinergd@dailymail.co.uk,Genderfluid,199.154.201.90
591,Ancell,Billo,abilloge@washington.edu,Male,207.153.91.112
592,Ben,Akehurst,bakehurstgf@howstuffworks.com,Male,163.228.125.157
593,Sindee,Lindenboim,slindenboimgg@biglobe.ne.jp,Female,20.147.169.156
594,Mufi,Winley,mwinleygh@google.es,Female,52.164.20.254
595,Sutherlan,Folli,sfolligi@stumbleupon.com,Male,179.106.74.43
596,Nicola,Guterson,ngutersongj@youtube.com,Female,247.149.217.55
597,Rivy,Magenny,rmagennygk@pen.io,Female,117.69.143.98
598,Silvanus,Attkins,sattkinsgl@examiner.com,Male,255.3.92.47
599,Nick,Springtorpe,nspringtorpegm@aol.com,Male,163.235.59.252
600,Dolley,Peagrim,dpeagrimgn@phoca.cz,Female,115.203.50.144
601,Massimo,Pester,mpestergo@123-reg.co.uk,Male,200.138.89.68
602,Darius,Darbon,ddarbongp@globo.com,Male,24.133.53.102
603,Tracie,Sebert,tsebertgq@51.la,Male,244.224.52.46
604,Odessa,Alldread,oalldreadgr@technorati.com,Female,83.249.217.10
605,Daron,Dik,ddikgs@europa.eu,Male,215.21.240.214
606,Joletta,Cockton,jcocktongt@go.com,Female,118.215.96.119
607,Katy,Raise,kraisegu@yahoo.com,Female,245.7.199.20
608,Jack,MacPeake,jmacpeakegv@ning.com,Male,109.220.123.132
609,Margit,Angear,mangeargw@1688.com,Female,109.244.183.194
610,Abbie,Diwell,adiwellgx@sakura.ne.jp,Male,105.205.21.244
611,Torrey,Kopacek,tkopacekgy@engadget.com,Male,161.121.245.66
612,Merry,D'eath,mdeathgz@addtoany.com,Male,12.149.172.44
613,Lavena,Wawer,lwawerh0@sun.com,Female,190.109.191.23
614,Lotty,Brugemann,lbrugemannh1@wisc.edu,Female,52.116.213.197
615,Winnie,Mum,wmumh2@bbc.co.uk,Male,245.181.108.196
616,Farlie,Tutill,ftutillh3@craigslist.org,Non-binary,33.86.148.180
617,Audrye,Frazier,afrazierh4@ucoz.com,Female,24.140.1.49
618,Trude,Vanne,tvanneh5@example.com,Female,179.42.158.230
619,Clovis,Janssens,cjanssensh6@sohu.com,Female,123.34.62.4
620,Dasie,Hambatch,dhambatchh7@prnewswire.com,Female,249.54.71.89
621,Emeline,Climie,eclimieh8@samsung.com,Genderfluid,123.7.10.101
622,Herve,Rising,hrisingh9@mtv.com,Male,230.21.200.80
623,Niki,Nolan,nnolanha@storify.com,Female,29.146.173.176
624,Sophi,Barks,sbarkshb@ihg.com,Female,188.218.128.84
625,Korella,Garmston,kgarmstonhc@un.org,Female,6.204.50.229
626,Eydie,Creagh,ecreaghhd@archive.org,Female,245.103.76.160
627,Joel,Talboy,jtalboyhe@vinaora.com,Male,41.46.36.156
628,Ynez,Meatyard,ymeatyardhf@slate.com,Female,252.10.165.182
629,Gustavo,Stanaway,gstanawayhg@weather.com,Male,163.248.24.127
630,Yves,Pahlsson,ypahlssonhh@multiply.com,Male,221.204.198.118
631,Mathian,Claibourn,mclaibournhi@guardian.co.uk,Male,164.183.153.255
632,Karine,Antonias,kantoniashj@lulu.com,Female,143.188.80.40
633,Correy,Drysdell,cdrysdellhk@ustream.tv,Female,196.31.201.254
634,Kai,Simek,ksimekhl@github.io,Female,189.222.101.2
635,Olvan,Cristofvao,ocristofvaohm@telegraph.co.uk,Male,16.251.209.39
636,Ladonna,Wrightem,lwrightemhn@kickstarter.com,Female,69.50.29.148
637,Kalie,Armsden,karmsdenho@nifty.com,Female,190.133.191.42
638,Tadio,Hampson,thampsonhp@prnewswire.com,Male,221.24.34.87
639,Kelley,Barrett,kbarretthq@scientificamerican.com,Female,3.194.190.88
640,Tiebout,Pooke,tpookehr@umich.edu,Male,5.164.252.64
641,Frederique,Bodleigh,fbodleighhs@foxnews.com,Female,81.35.255.77
642,Zeke,Russo,zrussoht@census.gov,Male,250.116.86.238
643,Travis,Jurkiewicz,tjurkiewiczhu@pinterest.com,Male,233.185.47.62
644,Liv,Richardon,lrichardonhv@cdc.gov,Female,125.88.170.93
645,Carlie,Bolf,cbolfhw@google.cn,Bigender,108.249.88.176
646,Natalya,Hubbucks,nhubbuckshx@illinois.edu,Female,186.103.49.79
647,Cookie,Boyde,cboydehy@senate.gov,Female,123.198.139.32
648,Halsey,Winteringham,hwinteringhamhz@ucla.edu,Male,238.161.145.60
649,Conant,Rosling,croslingi0@auda.org.au,Male,3.124.58.154
650,Mace,Kearsley,mkearsleyi1@techcrunch.com,Male,44.189.47.167
651,Forster,Ivashnyov,fivashnyovi2@mapy.cz,Bigender,173.67.174.16
652,Katie,Statham,kstathami3@parallels.com,Female,205.91.54.162
653,Bevvy,Gethings,bgethingsi4@istockphoto.com,Female,250.38.133.178
654,Arlie,Bayly,abaylyi5@guardian.co.uk,Female,122.154.130.185
655,Carny,Pressnell,cpressnelli6@ycombinator.com,Male,253.208.231.216
656,Kellen,Hamel,khameli7@purevolume.com,Male,115.218.89.36
657,Brannon,Sparrowe,bsparrowei8@imdb.com,Male,167.148.239.164
658,Merrill,Rahill,mrahilli9@xrea.com,Female,138.142.162.137
659,Beau,Mungham,bmunghamia@last.fm,Male,176.21.130.111
660,Reese,Skitteral,rskitteralib@zimbio.com,Male,150.246.194.227
661,Gloriane,Hansana,ghansanaic@businesswire.com,Female,170.151.73.107
662,Waring,Dudden,wduddenid@digg.com,Male,233.20.162.61
663,Gianni,Shinner,gshinnerie@stumbleupon.com,Male,244.18.153.214
664,Page,Cammacke,pcammackeif@youtu.be,Male,186.206.182.104
665,Conny,McClancy,cmcclancyig@sun.com,Female,248.150.240.164
666,Mendel,Bayman,mbaymanih@dyndns.org,Male,204.60.40.22
667,Tedra,Jordi,tjordiii@jalbum.net,Female,192.145.37.78
668,Netty,Foxley,nfoxleyij@rambler.ru,Female,193.16.116.187
669,Ulla,Plak,uplakik@uiuc.edu,Female,226.210.227.109
670,Veriee,Petrashkov,vpetrashkovil@fotki.com,Female,229.30.179.233
671,Tiff,Rhoddie,trhoddieim@drupal.org,Female,34.99.250.3
672,Penelope,MacCaughan,pmaccaughanin@imageshack.us,Polygender,85.208.104.66
673,Maryann,Farrall,mfarrallio@soundcloud.com,Female,147.235.36.136
674,Hyman,Beynke,hbeynkeip@wix.com,Male,173.234.30.241
675,Gusella,Riley,grileyiq@usgs.gov,Female,179.14.237.173
676,Lizbeth,Lambkin,llambkinir@sfgate.com,Female,4.187.119.186
677,Sibylla,Beardshaw,sbeardshawis@google.de,Female,101.22.36.113
678,Rand,Brideaux,rbrideauxit@163.com,Male,118.84.178.203
679,Waylan,Vel,wveliu@simplemachines.org,Male,107.74.96.60
680,Pierson,Chaundy,pchaundyiv@wikimedia.org,Male,28.109.149.72
681,Eustace,Pocklington,epocklingtoniw@wikispaces.com,Male,200.66.25.39
682,Marjory,Farlowe,mfarloweix@youku.com,Agender,68.191.195.185
683,Burlie,Doul,bdouliy@xrea.com,Male,212.224.180.218
684,Adams,Barock,abarockiz@rambler.ru,Male,27.140.107.252
685,Vinni,Poulglais,vpoulglaisj0@columbia.edu,Female,113.57.39.51
686,Florence,Lytle,flytlej1@engadget.com,Female,39.16.39.155
687,Giffy,Monnery,gmonneryj2@mit.edu,Male,167.49.0.179
688,Ignacius,Kleint,ikleintj3@gravatar.com,Polygender,234.180.16.172
689,Erina,Briggdale,ebriggdalej4@nature.com,Female,16.215.103.119
690,Judy,Brave,jbravej5@wired.com,Female,232.101.107.208
691,Torry,Keohane,tkeohanej6@paginegialle.it,Male,161.122.42.211
692,Lorie,Scolland,lscollandj7@archive.org,Female,198.101.217.61
693,Roxy,Avory,ravoryj8@japanpost.jp,Female,185.205.218.49
694,Abigail,Wimmer,awimmerj9@amazonaws.com,Female,8.233.251.62
695,Amabel,Dow,adowja@simplemachines.org,Female,141.126.143.194
696,Pebrook,Luxen,pluxenjb@phoca.cz,Male,163.221.226.69
697,Dorisa,Westmerland,dwestmerlandjc@mayoclinic.com,Female,239.79.97.104
698,Jade,Dannehl,jdannehljd@purevolume.com,Female,118.81.246.247
699,Harrison,Jarmaine,hjarmaineje@accuweather.com,Bigender,34.87.149.146
700,Aimil,Dodamead,adodameadjf@admin.ch,Female,217.21.12.0
701,Filmer,Pond-Jones,fpondjonesjg@xinhuanet.com,Male,81.77.80.111
702,Jeannette,Comberbeach,jcomberbeachjh@usnews.com,Female,161.252.71.99
703,Arie,Colthard,acolthardji@spiegel.de,Male,223.41.63.36
704,Tarrah,Poppleston,tpopplestonjj@webeden.co.uk,Polygender,11.98.212.104
705,Bo,Coneybeare,bconeybearejk@vk.com,Male,28.74.95.183
706,Katleen,Rhymer,krhymerjl@blogs.com,Female,207.65.11.130
707,Robena,Midford,rmidfordjm@tumblr.com,Female,49.63.226.181
708,Humfrey,Attard,hattardjn@seattletimes.com,Male,62.3.172.108
709,Sianna,Savatier,ssavatierjo@yelp.com,Female,37.202.154.144
710,Piper,Varfolomeev,pvarfolomeevjp@ow.ly,Polygender,84.160.85.38
711,Aguste,Gotecliffe,agotecliffejq@bandcamp.com,Male,71.227.215.1
712,Lizzie,Cranney,lcranneyjr@google.com.au,Female,243.11.45.168
713,Cort,Janousek,cjanousekjs@discovery.com,Male,172.70.178.51
714,Everett,Fishe,efishejt@mysql.com,Male,251.176.253.215
715,Vanna,Mungin,vmunginju@washingtonpost.com,Female,97.148.171.36
716,Titus,Hiscoke,thiscokejv@github.io,Male,239.219.49.246
717,Hugo,Vischi,hvischijw@accuweather.com,Male,26.20.42.146
718,Iris,Wessell,iwesselljx@google.com.br,Female,30.164.51.33
719,Cecilio,Stidever,cstideverjy@yandex.ru,Male,56.118.159.106
720,Adolphe,Duthie,aduthiejz@va.gov,Male,235.63.146.56
721,Bernadina,Sponder,bsponderk0@networksolutions.com,Female,203.208.255.152
722,Nicki,Couve,ncouvek1@friendfeed.com,Female,107.32.42.118
723,Reube,Fosdike,rfosdikek2@independent.co.uk,Male,158.143.107.20
724,Nadean,Spada,nspadak3@elpais.com,Female,20.64.128.60
725,Hedwiga,Worthing,hworthingk4@pen.io,Female,192.240.190.155
726,Vina,Mussilli,vmussillik5@people.com.cn,Female,194.108.182.33
727,Thomasina,Cowill,tcowillk6@histats.com,Female,53.103.38.189
728,Somerset,Verden,sverdenk7@marketwatch.com,Male,196.84.204.5
729,Melisent,Lambersen,mlambersenk8@google.es,Polygender,107.50.147.205
730,Rosalinde,Pease,rpeasek9@jiathis.com,Female,195.73.228.202
731,Cindi,Antonat,cantonatka@tumblr.com,Female,249.196.58.124
732,Wilden,Sharphurst,wsharphurstkb@ft.com,Male,201.199.217.11
733,Hogan,Wigan,hwigankc@booking.com,Male,237.132.101.138
734,Marcello,Whitmarsh,mwhitmarshkd@ucsd.edu,Male,183.169.13.229
735,Kalle,Sparrow,ksparrowke@google.com.br,Male,248.43.63.192
736,Zerk,Jeffrey,zjeffreykf@gnu.org,Male,69.209.28.145
737,Tova,Corsor,tcorsorkg@canalblog.com,Female,209.134.97.164
738,Marika,Shewsmith,mshewsmithkh@hc360.com,Female,36.231.64.249
739,Moshe,Kayser,mkayserki@un.org,Male,247.170.35.116
740,Harriot,MacAvddy,hmacavddykj@jimdo.com,Female,213.208.196.28
741,Bevan,Jacob,bjacobkk@ebay.co.uk,Male,142.109.28.229
742,Carolin,Backshall,cbackshallkl@arstechnica.com,Female,150.183.101.30
743,Caressa,Pretti,cprettikm@ca.gov,Female,39.184.142.57
744,Wiatt,Skea,wskeakn@clickbank.net,Genderfluid,201.78.119.130
745,Idelle,Buist,ibuistko@privacy.gov.au,Female,220.96.206.41
746,Pincas,Rontree,prontreekp@microsoft.com,Male,35.109.164.154
747,Anderea,Heeps,aheepskq@spiegel.de,Female,200.79.33.71
748,Ernesta,McKimm,emckimmkr@weebly.com,Female,62.10.192.184
749,Tybalt,Wones,twonesks@homestead.com,Male,52.69.46.36
750,Temp,Iglesias,tiglesiaskt@who.int,Genderqueer,245.119.7.120
751,Red,Lomaz,rlomazku@booking.com,Male,40.162.104.164
752,Marlow,Caro,mcarokv@networkadvertising.org,Male,185.10.205.60
753,Marja,Nodin,mnodinkw@twitter.com,Female,107.159.108.85
754,Wileen,Sands,wsandskx@apache.org,Female,187.31.237.132
755,Armand,Spiniello,aspinielloky@wisc.edu,Male,157.245.47.170
756,Annamarie,Gunning,agunningkz@1688.com,Female,29.32.230.83
757,Allin,Littrell,alittrelll0@house.gov,Male,220.80.94.136
758,Tiler,Freen,tfreenl1@fotki.com,Agender,43.99.90.249
759,Herbie,Jurasek,hjurasekl2@mysql.com,Male,207.130.168.216
760,Fremont,Mantz,fmantzl3@alibaba.com,Male,171.53.59.235
761,Ambrosi,O'Mullally,aomullallyl4@blinklist.com,Male,206.68.131.167
762,Esdras,Didball,edidballl5@admin.ch,Male,236.88.214.75
763,Corrie,Paver,cpaverl6@wikimedia.org,Male,92.201.162.64
764,Micah,Bassham,mbasshaml7@java.com,Male,187.143.100.197
765,Michel,Marguerite,mmargueritel8@wiley.com,Female,99.97.108.101
766,Nicolai,Coper,ncoperl9@bigcartel.com,Male,29.251.45.49
767,Aeriel,Proudley,aproudleyla@jimdo.com,Female,125.232.184.237
768,Lynelle,Batty,lbattylb@usgs.gov,Female,152.10.164.95
769,Gennie,Torresi,gtorresilc@pcworld.com,Female,249.114.143.254
770,Marietta,Kilfedder,mkilfedderld@abc.net.au,Male,118.89.187.178
771,Nettie,Loggie,nloggiele@edublogs.org,Female,66.129.20.46
772,Kelci,Josskovitz,kjosskovitzlf@furl.net,Bigender,168.58.103.249
773,Eduino,Alp,ealplg@storify.com,Male,38.85.44.4
774,Kellen,McGinley,kmcginleylh@zimbio.com,Male,33.164.250.37
775,Darsie,Vankov,dvankovli@geocities.jp,Female,104.46.83.33
776,Terese,Brient,tbrientlj@huffingtonpost.com,Female,110.84.105.28
777,Gusti,Defries,gdefrieslk@wufoo.com,Female,123.208.11.139
778,Estevan,Disley,edisleyll@godaddy.com,Non-binary,117.6.141.16
779,Lucky,Bennough,lbennoughlm@cbslocal.com,Female,88.16.38.152
780,Colly,Carette,ccaretteln@flickr.com,Female,183.232.229.243
781,Saxe,Hrynczyk,shrynczyklo@imageshack.us,Male,128.1.29.14
782,Nikola,Jennens,njennenslp@vkontakte.ru,Male,215.236.21.141
783,Sharia,Hempshall,shempshalllq@walmart.com,Female,173.45.177.44
784,Krishna,Dumbleton,kdumbletonlr@discuz.net,Male,155.98.181.203
785,Lorry,Pashe,lpashels@cam.ac.uk,Male,163.204.212.78
786,Malissia,Ilem,milemlt@pcworld.com,Female,252.70.119.199
787,Gennie,Bandt,gbandtlu@walmart.com,Female,141.247.81.17
788,Aline,Ginner,aginnerlv@blinklist.com,Female,164.226.45.250
789,Holden,McNysche,hmcnyschelw@amazon.co.uk,Male,222.50.104.227
790,Nancey,Reddell,nreddelllx@arstechnica.com,Female,252.254.3.24
791,Juieta,Glide,jglidely@cpanel.net,Female,141.219.147.2
792,Ferne,Clatworthy,fclatworthylz@jugem.jp,Female,108.149.254.235
793,Lissy,Spong,lspongm0@ca.gov,Female,207.156.236.181
794,Noami,Gianasi,ngianasim1@huffingtonpost.com,Female,22.97.193.79
795,Reg,De Simone,rdesimonem2@free.fr,Male,103.67.138.100
796,Ferrel,Debold,fdeboldm3@devhub.com,Male,111.157.250.179
797,Cyndy,Anthonsen,canthonsenm4@tuttocitta.it,Female,244.192.20.112
798,Carleton,Van Waadenburg,cvanwaadenburgm5@ow.ly,Male,46.39.55.159
799,Devlin,Pancost,dpancostm6@desdev.cn,Male,91.60.55.82
800,Ilyse,Langdridge,ilangdridgem7@ucoz.ru,Bigender,248.188.157.159
801,Massimiliano,Jozefczak,mjozefczakm8@admin.ch,Male,134.64.36.51
802,Cissy,Wimpey,cwimpeym9@si.edu,Female,157.175.11.118
803,Aurel,Panther,apantherma@ted.com,Female,18.148.29.20
804,Duffy,Trebbett,dtrebbettmb@psu.edu,Male,33.207.136.254
805,Ernaline,Bygrave,ebygravemc@archive.org,Genderqueer,119.14.16.173
806,Cornelia,Orviss,corvissmd@google.ru,Female,28.169.114.255
807,Alisa,Petett,apetettme@netscape.com,Female,1.221.153.17
808,Munroe,Brabon,mbrabonmf@tripadvisor.com,Male,4.96.114.154
809,Tallie,Banner,tbannermg@purevolume.com,Polygender,107.193.185.228
810,Eadith,Vivers,eviversmh@usnews.com,Female,215.207.70.122
811,Imogene,Crosland,icroslandmi@amazon.co.jp,Female,141.3.145.103
812,Genevra,Clerk,gclerkmj@delicious.com,Female,108.141.18.66
813,Rafael,Allardyce,rallardycemk@ifeng.com,Male,219.136.206.189
814,Ira,Peaden,ipeadenml@google.fr,Female,4.248.213.9
815,Loree,Colt,lcoltmm@multiply.com,Female,101.116.5.15
816,Trudey,Kydd,tkyddmn@mozilla.org,Female,203.84.129.185
817,Galvan,Rustedge,grustedgemo@nasa.gov,Male,103.224.98.60
818,Rosmunda,Tiley,rtileymp@miibeian.gov.cn,Female,22.128.81.69
819,Ab,Fulleylove,afulleylovemq@webmd.com,Male,13.161.145.14
820,Heddi,Wrightham,hwrighthammr@mayoclinic.com,Non-binary,40.216.237.105
821,Rudolph,Penritt,rpenrittms@noaa.gov,Male,28.57.56.183
822,Leola,Leeburne,lleeburnemt@php.net,Female,59.2.61.220
823,Clemence,Bloy,cbloymu@sohu.com,Genderqueer,6.186.54.46
824,Hervey,Ganley,hganleymv@youku.com,Male,134.247.6.233
825,Kellia,Bye,kbyemw@mediafire.com,Agender,52.224.11.203
826,Hollis,Cantrell,hcantrellmx@issuu.com,Male,71.173.23.195
827,Krystal,de Nore,kdenoremy@wp.com,Female,186.254.157.123
828,Jacinda,Anfusso,janfussomz@elegantthemes.com,Female,54.237.54.61
829,Matelda,Crass,mcrassn0@woothemes.com,Female,155.179.162.177
830,Padgett,Hiscoe,phiscoen1@skyrock.com,Non-binary,214.190.136.215
831,Ted,Lillford,tlillfordn2@cdbaby.com,Female,2.218.197.87
832,Thacher,Dudgeon,tdudgeonn3@ucla.edu,Male,44.251.234.39
833,Findlay,Sieve,fsieven4@histats.com,Non-binary,223.11.222.219
834,Elisabet,Goodband,egoodbandn5@sina.com.cn,Female,246.78.196.98
835,Rodie,McKissack,rmckissackn6@gravatar.com,Female,7.203.74.209
836,Gustaf,Defont,gdefontn7@freewebs.com,Male,54.135.185.87
837,Corrie,Imms,cimmsn8@hc360.com,Female,141.35.157.92
838,Mirelle,Dulton,mdultonn9@dagondesign.com,Female,49.50.75.187
839,Victoria,Charlwood,vcharlwoodna@time.com,Female,171.145.233.18
840,Tirrell,Simmen,tsimmennb@spiegel.de,Polygender,241.31.44.107
841,Jaimie,Dick,jdicknc@google.nl,Female,30.140.35.76
842,Tonnie,Laurisch,tlaurischnd@hatena.ne.jp,Male,25.39.178.141
843,Minna,Dwane,mdwanene@weebly.com,Female,188.181.44.169
844,Ruperta,Roke,rrokenf@economist.com,Female,48.130.215.251
845,Neala,Stoeckle,nstoeckleng@scribd.com,Female,17.94.104.143
846,Barbra,Bhar,bbharnh@home.pl,Female,14.250.48.255
847,Cort,Chadband,cchadbandni@marketwatch.com,Male,240.80.209.1
848,Chevy,Brackley,cbrackleynj@google.com,Male,33.201.32.176
849,Farly,Huxter,fhuxternk@cnn.com,Male,120.184.63.165
850,Allie,Ivankin,aivankinnl@spotify.com,Agender,246.222.218.157
851,Orelle,Dumberrill,odumberrillnm@posterous.com,Female,144.116.163.221
852,Terrance,Kernley,tkernleynn@taobao.com,Genderqueer,23.114.56.108
853,Curran,Dawid,cdawidno@phpbb.com,Male,251.112.53.141
854,Willdon,Caskie,wcaskienp@tinypic.com,Male,5.135.248.126
855,Rik,Jakubowski,rjakubowskinq@hao123.com,Male,83.36.184.37
856,Dalis,Loren,dlorennr@dedecms.com,Male,114.39.45.108
857,Fanya,Pape,fpapens@flickr.com,Female,71.163.138.238
858,Mariam,McGahern,mmcgahernnt@qq.com,Female,205.225.179.61
859,Neil,Sutherby,nsutherbynu@soup.io,Male,209.233.155.228
860,Joseito,Jiggens,jjiggensnv@wired.com,Male,214.200.254.73
861,Amargo,Suff,asuffnw@washington.edu,Female,202.111.100.182
862,Shannen,Clewarth,sclewarthnx@dell.com,Female,19.71.116.85
863,Tiphani,Pagitt,tpagittny@home.pl,Female,78.145.141.103
864,Rodrigo,Queyos,rqueyosnz@sakura.ne.jp,Male,131.207.34.149
865,Harland,Turneaux,hturneauxo0@bing.com,Male,13.102.138.127
866,Bambie,Wraighte,bwraighteo1@cbc.ca,Female,55.62.34.248
867,Erminie,MacLaverty,emaclavertyo2@unblog.fr,Agender,175.153.215.128
868,Sophia,Hardwin,shardwino3@people.com.cn,Female,116.40.89.252
869,Leif,Savill,lsavillo4@newyorker.com,Male,97.139.132.85
870,Hanny,Vaskin,hvaskino5@netlog.com,Female,221.13.101.90
871,Lucie,Georghiou,lgeorghiouo6@latimes.com,Female,224.52.206.42
872,Howard,Bartrap,hbartrapo7@unesco.org,Male,153.136.6.97
873,Norma,Dreigher,ndreighero8@engadget.com,Female,167.100.114.97
874,Sammy,Nan Carrow,snancarrowo9@arstechnica.com,Male,162.18.6.71
875,Godwin,Seaton,gseatonoa@walmart.com,Male,220.37.249.215
876,Urson,Barczewski,ubarczewskiob@dagondesign.com,Male,177.145.80.121
877,Portia,McCambridge,pmccambridgeoc@csmonitor.com,Genderqueer,27.161.108.33
878,Merrielle,Furman,mfurmanod@soup.io,Female,56.105.5.106
879,Agnola,Geldeford,ageldefordoe@ft.com,Female,31.65.134.214
880,Clifford,Maber,cmaberof@arstechnica.com,Male,188.17.133.198
881,Philip,Simnel,psimnelog@phoca.cz,Male,112.179.194.254
882,Austen,Jarrell,ajarrelloh@economist.com,Male,70.201.121.140
883,Ginevra,Yankin,gyankinoi@comsenz.com,Female,143.203.22.135
884,Ferrel,Walster,fwalsteroj@elegantthemes.com,Male,114.132.247.69
885,Teodoro,Schwaiger,tschwaigerok@guardian.co.uk,Male,217.58.45.228
886,Cari,Adamou,cadamouol@google.pl,Female,61.81.172.167
887,Alana,Simco,asimcoom@vk.com,Female,40.204.37.7
888,Chuck,Harvey,charveyon@cloudflare.com,Male,180.21.186.213
889,Pebrook,Caltera,pcalteraoo@opensource.org,Male,236.79.226.236
890,Arty,Hinken,ahinkenop@51.la,Male,126.186.48.24
891,Jaymie,De Beauchemp,jdebeauchempoq@sogou.com,Male,37.45.204.28
892,Fifi,Glover,fgloveror@w3.org,Female,251.76.178.144
893,Timmie,Piscopello,tpiscopelloos@whitehouse.gov,Male,167.238.101.59
894,Carey,Hallet,challetot@biglobe.ne.jp,Male,73.238.181.187
895,Lela,Exall,lexallou@nyu.edu,Bigender,68.11.134.219
896,Hill,Droogan,hdrooganov@homestead.com,Male,135.207.181.149
897,Agatha,Pilsbury,apilsburyow@google.de,Female,147.200.221.36
898,Celka,Daymont,cdaymontox@sciencedaily.com,Female,16.51.158.20
899,Brice,Elrick,belrickoy@arstechnica.com,Bigender,255.8.67.120
900,Eugenia,Parlor,eparloroz@google.ru,Female,145.188.32.246
901,Ely,Renahan,erenahanp0@jalbum.net,Male,99.227.175.146
902,Sholom,Lisamore,slisamorep1@xinhuanet.com,Male,32.240.18.26
903,Wileen,Mathon,wmathonp2@1und1.de,Female,0.40.122.34
904,Gran,Fairman,gfairmanp3@unicef.org,Male,84.197.193.125
905,Nanete,Stathers,nstathersp4@vinaora.com,Genderfluid,183.23.216.206
906,Burch,Vignal,bvignalp5@mashable.com,Male,241.56.155.178
907,Darcey,Woodeson,dwoodesonp6@paginegialle.it,Female,122.62.159.242
908,Perla,Huggen,phuggenp7@flavors.me,Female,58.191.155.169
909,Alicia,Jaquemar,ajaquemarp8@unblog.fr,Bigender,117.146.13.49
910,Perri,Zavattiero,pzavattierop9@prnewswire.com,Female,30.109.123.40
911,Lowell,Neggrini,lneggrinipa@narod.ru,Male,3.244.16.76
912,Kirbie,Wyeth,kwyethpb@nps.gov,Female,18.124.146.2
913,Vinnie,Urwen,vurwenpc@taobao.com,Male,183.111.103.39
914,Barth,Woodcock,bwoodcockpd@sakura.ne.jp,Genderfluid,61.21.99.144
915,Luce,Manicom,lmanicompe@prnewswire.com,Male,122.161.203.181
916,Cassondra,Cutler,ccutlerpf@illinois.edu,Female,133.141.129.98
917,Bev,Eberts,bebertspg@disqus.com,Male,213.105.52.46
918,Allister,Vigers,avigersph@surveymonkey.com,Non-binary,154.152.212.79
919,Louise,Cullnean,lcullneanpi@usgs.gov,Female,133.225.160.57
920,Basilius,Crankhorn,bcrankhornpj@topsy.com,Male,162.2.31.46
921,Waite,Goodram,wgoodrampk@globo.com,Agender,136.173.95.232
922,Cordi,Bouchier,cbouchierpl@vimeo.com,Female,86.96.91.52
923,Maximilien,Rustadge,mrustadgepm@cbslocal.com,Male,246.78.119.195
924,Marten,Camilleri,mcamilleripn@instagram.com,Polygender,247.60.98.189
925,Trudey,Lemarie,tlemariepo@apache.org,Female,187.56.63.223
926,Christopher,Ciobotaro,cciobotaropp@ftc.gov,Male,251.226.225.14
927,Max,Bucke,mbuckepq@privacy.gov.au,Female,215.22.115.123
928,Julio,Parmley,jparmleypr@phpbb.com,Male,163.94.201.152
929,Currey,Smythin,csmythinps@com.com,Male,175.38.129.50
930,Karita,Micah,kmicahpt@springer.com,Female,180.184.92.11
931,Hastie,Sehorsch,hsehorschpu@ebay.co.uk,Male,232.27.156.39
932,Catha,Dradey,cdradeypv@bandcamp.com,Female,173.33.32.200
933,Loraine,Porteous,lporteouspw@about.com,Female,9.81.107.248
934,Renae,Uzzell,ruzzellpx@icq.com,Female,234.0.35.196
935,Bourke,Prier,bprierpy@hostgator.com,Male,238.118.217.195
936,Blinny,Lattin,blattinpz@acquirethisname.com,Female,167.249.27.119
937,Prent,Ramsted,pramstedq0@typepad.com,Male,137.240.122.63
938,Dael,Whyatt,dwhyattq1@princeton.edu,Female,175.105.155.164
939,Florence,de Najera,fdenajeraq2@joomla.org,Polygender,45.223.26.112
940,Myrwyn,Josifovitz,mjosifovitzq3@so-net.ne.jp,Male,230.76.130.225
941,Somerset,Mowlam,smowlamq4@list-manage.com,Male,146.84.173.181
942,Sherry,Farron,sfarronq5@tuttocitta.it,Female,6.230.232.30
943,Thedrick,Slainey,tslaineyq6@hhs.gov,Male,1.157.23.197
944,Suki,Brendel,sbrendelq7@microsoft.com,Female,136.8.237.147
945,Josefina,Milligan,jmilliganq8@shinystat.com,Female,203.166.169.159
946,Trudey,Norrington,tnorringtonq9@flavors.me,Female,194.204.99.77
947,Nolly,Squirrell,nsquirrellqa@toplist.cz,Male,55.255.124.199
948,Jefferey,Machon,jmachonqb@printfriendly.com,Male,76.81.149.230
949,Beryl,Shaxby,bshaxbyqc@xing.com,Female,116.200.97.54
950,Adrian,Halpen,ahalpenqd@webs.com,Male,69.19.152.66
951,Skipton,Rany,sranyqe@independent.co.uk,Agender,131.229.191.251
952,Boonie,Maccrea,bmaccreaqf@canalblog.com,Male,146.49.79.206
953,Lesya,Roelofs,lroelofsqg@blog.com,Female,105.2.116.142
954,Aluino,Eathorne,aeathorneqh@wikipedia.org,Non-binary,96.37.157.71
955,Margot,Roskilly,mroskillyqi@i2i.jp,Female,246.109.71.245
956,Crissie,Sangar,csangarqj@addtoany.com,Female,234.143.17.152
957,Terri,Hele,theleqk@globo.com,Female,47.173.211.84
958,Garrett,Pepye,gpepyeql@fotki.com,Male,216.154.228.3
959,Lani,Aicken,laickenqm@ebay.co.uk,Female,93.152.45.205
960,Sydney,Ties,stiesqn@discovery.com,Agender,120.13.144.234
961,Linc,Asple,laspleqo@slideshare.net,Male,231.116.120.78
962,Grannie,Sparkes,gsparkesqp@ihg.com,Male,161.36.29.243
963,Evita,Hubbocks,ehubbocksqq@desdev.cn,Female,110.225.169.154
964,Evelin,Bonavia,ebonaviaqr@g.co,Male,14.151.125.230
965,Aaron,Penkethman,apenkethmanqs@mediafire.com,Genderfluid,86.102.132.162
966,Avrit,Jansens,ajansensqt@printfriendly.com,Female,59.193.179.221
967,Leonhard,Curro,lcurroqu@creativecommons.org,Male,32.15.186.68
968,Rab,Danton,rdantonqv@loc.gov,Male,53.179.122.233
969,Melinda,McKimmey,mmckimmeyqw@xing.com,Genderfluid,15.42.92.4
970,Crissie,Beeson,cbeesonqx@barnesandnoble.com,Female,172.75.227.215
971,Teodora,Ruperti,trupertiqy@canalblog.com,Non-binary,40.127.225.254
972,Brent,Longfield,blongfieldqz@tmall.com,Male,177.91.232.47
973,Perla,Meeson,pmeesonr0@businesswire.com,Female,237.106.17.224
974,Upton,Shotton,ushottonr1@utexas.edu,Male,5.53.110.98
975,Helen-elizabeth,Polin,hpolinr2@irs.gov,Female,81.76.34.1
976,Ted,Ritzman,tritzmanr3@chicagotribune.com,Male,54.34.150.243
977,Tommie,Alvares,talvaresr4@myspace.com,Male,6.229.79.183
978,Caryl,Jorge,cjorger5@issuu.com,Male,150.99.235.105
979,Gayla,Shearstone,gshearstoner6@goo.ne.jp,Female,230.78.192.103
980,Dorie,Ditt,ddittr7@independent.co.uk,Male,105.157.146.32
981,Kat,MacGowan,kmacgowanr8@ezinearticles.com,Female,209.25.207.38
982,Ginevra,Heild,gheildr9@china.com.cn,Female,161.82.160.226
983,Waiter,Stansbury,wstansburyra@cbsnews.com,Non-binary,99.87.112.227
984,Biron,Mussilli,bmussillirb@unicef.org,Male,64.228.66.5
985,Nicolis,Crux,ncruxrc@meetup.com,Male,62.141.30.65
986,Felike,Deetlefs,fdeetlefsrd@eepurl.com,Male,248.221.163.39
987,Livvy,Greet,lgreetre@gmpg.org,Female,242.119.48.171
988,Sutherlan,Paszak,spaszakrf@wsj.com,Male,216.170.127.8
989,Estele,Yedy,eyedyrg@amazon.co.uk,Female,232.86.108.177
990,Lanny,Duncan,lduncanrh@sun.com,Female,29.251.67.234
991,Mord,Ottee,motteeri@pcworld.com,Male,229.178.199.188
992,Hilda,Caldron,hcaldronrj@about.com,Female,24.107.38.198
993,Rudd,Dabbs,rdabbsrk@cdc.gov,Male,19.149.89.21
994,Mickie,Pepin,mpepinrl@imgur.com,Female,24.81.231.155
995,Beckie,Curee,bcureerm@unc.edu,Bigender,35.40.134.130
996,Stanford,Arnhold,sarnholdrn@dailymotion.com,Genderqueer,47.111.219.184
997,Rodolfo,Innis,rinnisro@disqus.com,Male,13.249.42.231
998,Odille,McGeachie,omcgeachierp@bbb.org,Female,57.90.116.180
999,Stacee,Hammerson,shammersonrq@unicef.org,Male,124.51.1.224
1000,Diandra,Isack,disackrr@ca.gov,Female,140.122.61.177
